<?xml version="1.0" encoding="UTF-8"?>
<!-- Copyright (c) 2011-2012 Qualcomm Technologies, Inc.  All Rights Reserved. Qualcomm Technologies Proprietary and Confidential. -->
<system xmlns:xsi="http://www.w3.org/2001/XMLSchema-instance" xsi:noNamespaceSchemaLocation="mobileap_cfg.xsd">
	<MobileAPCfg>
		<MobileAPNatCfg>
			<Firewall>/etc/mobileap_firewall.xml</Firewall>
			<NatEntryGenericTimeout>120</NatEntryGenericTimeout>
			<NatEntryICMPTimeout>30</NatEntryICMPTimeout>
			<NatEntryTCPEstablishedTimeout>1800</NatEntryTCPEstablishedTimeout>
			<NatEntryUDPTimeout>60</NatEntryUDPTimeout>
			<DmzIP>192.168.225.100</DmzIP>
			<EnableIPSECVpnPassthrough>1</EnableIPSECVpnPassthrough>
			<EnablePPTPVpnPassthrough>1</EnablePPTPVpnPassthrough>
			<EnableL2TPVpnPassthrough>1</EnableL2TPVpnPassthrough>
			<EnableWebserverWWANAccess>0</EnableWebserverWWANAccess>
			<ALGCfg>
				<EnableRTSPAlg>1</EnableRTSPAlg>
			</ALGCfg>
		</MobileAPNatCfg>
		<MobileAPLanCfg>
			<Module>ar6004</Module>
			<EnableIPV4>1</EnableIPV4>
			<EnableIPV6>1</EnableIPV6>
			<WlanMode>AP</WlanMode>
			<HostAPDCfg>/etc/hostapd.conf</HostAPDCfg>
			<STAModeHostAPDCfg>/etc/sta_mode_hostapd.conf</STAModeHostAPDCfg>
			<APIPAddr>192.168.225.1</APIPAddr>
			<SubNetMask>255.255.255.0</SubNetMask>
			<EnableDHCPServer>1</EnableDHCPServer>
			<DHCPCfg>
				<StartIP>192.168.225.100</StartIP>
				<EndIP>192.168.225.199</EndIP>
				<LeaseTime>7200</LeaseTime>
				<PrimaryDNSAddr>192.168.225.1</PrimaryDNSAddr>
				<SeconderyDNSAddr>0.0.0.0</SeconderyDNSAddr>
			</DHCPCfg>
			<GuestAPCfg>
				<HostAPDCfg>/etc/hostapd-wlan1.conf</HostAPDCfg>
				<AccessProfile>INTERNETONLY</AccessProfile>
			</GuestAPCfg>
			<StationModeCfg>
				<SupplicantCfg>/etc/wpa_supplicant.conf</SupplicantCfg>
				<STAModeConnType>1</STAModeConnType>
				<StaticIPAddr>0</StaticIPAddr>
				<StaticConfigDNSAddr>0</StaticConfigDNSAddr>
				<StaticConfigGWAddr>0</StaticConfigGWAddr>
				<StaticConfigNetMask>0</StaticConfigNetMask>
			</StationModeCfg>
		</MobileAPLanCfg>
		<MobileAPWanCfg>
			<AutoConnect>1</AutoConnect>
			<Roaming>0</Roaming>
			<EriConfig>/etc/mobileap_eri_config.bin</EriConfig>
			<TECH>ANY</TECH>
			<V4_UMTS_PROFILE_INDEX>0</V4_UMTS_PROFILE_INDEX>
			<V4_CDMA_PROFILE_INDEX>0</V4_CDMA_PROFILE_INDEX>
			<V6_UMTS_PROFILE_INDEX>0</V6_UMTS_PROFILE_INDEX>
			<V6_CDMA_PROFILE_INDEX>0</V6_CDMA_PROFILE_INDEX>
			</MobileAPWanCfg>
	<MobileAPSrvcCfg>
			<UPnP>0</UPnP>
			<DLNA>0</DLNA>
			<MDNS>0</MDNS>
	</MobileAPSrvcCfg>
	<MobileAPBootUpCfg>
		<MobileAPEnableAtBootup>1</MobileAPEnableAtBootup>
		<WLANEnableAtBootup>1</WLANEnableAtBootup>
	    </MobileAPBootUpCfg>
	</MobileAPCfg>
</system>
