<?xml version="1.0" encoding="UTF-8"?>
<system xmlns:xsi="http://www.w3.org/2001/XMLSchema-instance" xsi:noNamespaceSchemaLocation="ipacm_cfg.xsd">
	<IPACM>
		<IPACMIface>
			<Iface>
			   <Name>ecm0</Name>
			   <Category>LAN</Category>
			</Iface>
			<Iface>
			   <Name>rmnet0</Name>
			   <Category>WAN</Category>
			</Iface>
			<Iface>
			   <Name>rmnet1</Name>
			   <Category>WAN</Category>
			</Iface>			
			<Iface>
			   <Name>wlan0</Name>
			   <Category>UNKNOWN</Category>
			</Iface>			
			<Iface>
			   <Name>wlan1</Name>
			   <Category>UNKNOWN</Category>
			</Iface>			
			<Iface>
			   <Name>br0</Name>
			   <Category>VIRTUAL</Category>
			</Iface>
			<Iface>
			   <Name>bridge0</Name>
			   <Category>VIRTUAL</Category>
		    </Iface>
		</IPACMIface>
		<IPACMPrivateSubnet>
			<Subnet>
  			   <SubnetAddress>192.168.225.0</SubnetAddress>
  			   <SubnetMask>255.255.255.0</SubnetMask>
		    </Subnet>		
		</IPACMPrivateSubnet>
		<IPACMALG>
			<ALG>
  			   <Protocol>TCP</Protocol>
  			   <Port>21</Port>
		    </ALG>		
			<ALG>
  			   <Protocol>TCP</Protocol>
  			   <Port>554</Port>
		    </ALG>		
		<ALG>
  			   <Protocol>TCP</Protocol>
  			   <Port>5060</Port>
		    </ALG>		
			<ALG>
  			   <Protocol>UDP</Protocol>
  			   <Port>5060</Port>
		    </ALG>		
			<ALG>
  			   <Protocol>TCP</Protocol>
  			   <Port>1723</Port>
		    </ALG>		
			<ALG>
  			   <Protocol>UDP</Protocol>
  			   <Port>69</Port>
		    </ALG>		
		</IPACMALG>
		<IPACMNAT>		
 	        <MaxNatEntries>100</MaxNatEntries>
		</IPACMNAT>
		</IPACM>
</system>	
